Key,english,russian
Tag,"[EE6C72][Home][-]","[EE6C72][Дом][-]"
List,"Your homes ([F0A66D]{1}/{2}[-]): [F0A66D]{0}[-]. Go: [6FDC64]/home <name>[-]","Ваши дома ([F0A66D]{1}/{2}[-]): [F0A66D]{0}[-]. Переместиться: [6FDC64]/home <имя>[-]"
Empty,"You have no homes yet. Save one: [6FDC64]/sethome <name>[-]","У вас пока нет домов. Сохранить: [6FDC64]/sethome <имя>[-]"
UsageSet,"Save home: [6FDC64]/sethome <name>[-]","Сохранить дом: [6FDC64]/sethome <имя>[-]"
UsageDelete,"Remove home: [6FDC64]/delhome <name>[-]","Удалить дом: [6FDC64]/delhome <имя>[-]"
Saved,"Home saved: [F0A66D]{0}[-]","Дом сохранён: [F0A66D]{0}[-]"
Removed,"Home removed: [F0A66D]{0}[-]","Дом удалён: [F0A66D]{0}[-]"
Limit,"Home limit reached: [F0A66D]{0}[-]. Remove one first: [6FDC64]/delhome <name>[-]","Достигнут лимит домов: [F0A66D]{0}[-]. Сначала удалите один: [6FDC64]/delhome <имя>[-]"
NotFound,"Home not found: [F0A66D]{0}[-]","Дом не найден: [F0A66D]{0}[-]"
BadName,"The name must be up to {0} characters, without square brackets","Имя должно быть не длиннее {0} символов и без квадратных скобок"
Cooldown,"Teleport home is recharging: [6FDC64]{0}[-]","Перемещение домой перезаряжается: [6FDC64]{0}[-]"
InVehicle,"[FF5555]Get out of the vehicle first[-]","[FF5555]Сначала выйдите из транспорта[-]"
Teleported,"Welcome home: [F0A66D]{0}[-]","С возвращением домой: [F0A66D]{0}[-]"
